,x,Q2,y,x,Q2,y,x,Q2,y
,mid,mid,mid,min,min,min,max,max,max
1,0.015,0.2047846879547636,0.30000000000000004,0.0,0.0,0.261,0.03,0.46281339477776573,0.339
2,0.045,0.6143540638642908,0.30000000000000004,0.03,0.3563253570412886,0.261,0.06,0.9256267895555315,0.339
3,0.08,1.092185002425406,0.30000000000000004,0.06,0.7126507140825772,0.261,0.1,1.5427113159258856,0.339
4,0.125,1.7065390662896969,0.30000000000000004,0.1,1.1877511901376288,0.261,0.15,2.3140669738888286,0.339
5,0.175,2.3891546928055756,0.30000000000000004,0.15,1.7816267852064434,0.261,0.2,3.0854226318517712,0.339
6,0.225,3.071770319321454,0.30000000000000004,0.2,2.3755023802752575,0.261,0.25,3.8567782898147143,0.339
7,0.275,3.754385945837333,0.30000000000000004,0.25,2.969377975344072,0.261,0.3,4.628133947777657,0.339
8,0.35,4.778309385611151,0.30000000000000004,0.3,3.5632535704128867,0.261,0.4,6.1708452637035425,0.339
9,0.45,6.143540638642908,0.30000000000000004,0.4,4.751004760550515,0.261,0.5,7.7135565796294285,0.339
10,0.55,7.508771891674666,0.30000000000000004,0.5,5.938755950688144,0.261,0.6,9.256267895555315,0.339
11,0.6499999999999999,8.874003144706423,0.30000000000000004,0.6,7.126507140825773,0.261,0.7,10.798979211481202,0.339
12,0.015,0.26622009434119265,0.39,0.0,0.0,0.339,0.03,0.6020669825870049,0.441
13,0.045,0.798660283023578,0.39,0.03,0.46281339477776573,0.339,0.06,1.2041339651740097,0.441
14,0.08,1.4198405031530277,0.39,0.06,0.9256267895555315,0.339,0.1,2.006889941956683,0.441
15,0.125,2.2185007861766057,0.39,0.1,1.5427113159258856,0.339,0.15,3.0103349129350248,0.441
16,0.175,3.1059011006472477,0.39,0.15,2.3140669738888286,0.339,0.2,4.013779883913366,0.441
17,0.225,3.99330141511789,0.39,0.2,3.0854226318517712,0.339,0.25,5.017224854891708,0.441
18,0.275,4.880701729588533,0.39,0.25,3.8567782898147143,0.339,0.3,6.0206698258700495,0.441
19,0.35,6.211802201294495,0.39,0.3,4.628133947777657,0.339,0.4,8.027559767826732,0.441
20,0.45,7.98660283023578,0.39,0.4,6.1708452637035425,0.339,0.5,10.034449709783416,0.441
21,0.55,9.761403459177066,0.39,0.5,7.7135565796294285,0.339,0.6,12.041339651740099,0.441
22,0.6499999999999999,11.536204088118348,0.39,0.6,9.256267895555315,0.339,0.7,14.048229593696783,0.441
23,0.015,0.34608612264355043,0.507,0.0,0.0,0.441,0.03,0.7822775079871968,0.573
24,0.045,1.0382583679306514,0.507,0.03,0.6020669825870049,0.441,0.06,1.5645550159743935,0.573
25,0.08,1.845792654098936,0.507,0.06,1.2041339651740097,0.441,0.1,2.607591693290656,0.573
26,0.125,2.884051022029587,0.507,0.1,2.006889941956683,0.441,0.15,3.9113875399359843,0.573
27,0.175,4.0376714308414225,0.507,0.15,3.0103349129350248,0.441,0.2,5.215183386581312,0.573
28,0.225,5.191291839653257,0.507,0.2,4.013779883913366,0.441,0.25,6.5189792332266405,0.573
29,0.275,6.344912248465091,0.507,0.25,5.017224854891708,0.441,0.3,7.822775079871969,0.573
30,0.35,8.075342861682845,0.507,0.3,6.0206698258700495,0.441,0.4,10.430366773162625,0.573
31,0.45,10.382583679306514,0.507,0.4,8.027559767826732,0.441,0.5,13.037958466453281,0.573
32,0.55,12.689824496930182,0.507,0.5,10.034449709783416,0.441,0.6,15.645550159743937,0.573
33,0.6499999999999999,14.997065314553852,0.507,0.6,12.041339651740099,0.441,0.7,18.25314185303459,0.573
34,0.015,0.449843697873964,0.659,0.0,0.0,0.573,0.03,1.0170972835086591,0.745
35,0.045,1.349531093621892,0.659,0.03,0.7822775079871968,0.573,0.06,2.0341945670173183,0.745
36,0.08,2.399166388661142,0.659,0.06,1.5645550159743935,0.573,0.1,3.390324278362197,0.745
37,0.125,3.7486974822830335,0.659,0.1,2.607591693290656,0.573,0.15,5.0854864175432954,0.745
38,0.175,5.248176475196247,0.659,0.15,3.9113875399359843,0.573,0.2,6.780648556724394,0.745
39,0.225,6.7476554681094605,0.659,0.2,5.215183386581312,0.573,0.25,8.475810695905494,0.745
40,0.275,8.247134461022673,0.659,0.25,6.5189792332266405,0.573,0.3,10.170972835086591,0.745
41,0.35,10.496352950392493,0.659,0.3,7.822775079871969,0.573,0.4,13.561297113448788,0.745
42,0.45,13.495310936218921,0.659,0.4,10.430366773162625,0.573,0.5,16.95162139181099,0.745
43,0.55,16.494268922045347,0.659,0.5,13.037958466453281,0.573,0.6,20.341945670173182,0.745
44,0.6499999999999999,19.493226907871772,0.659,0.6,15.645550159743937,0.573,0.7,23.732269948535382,0.745
45,0.015,0.20498947264271836,0.231,0.0,0.0,0.201,0.03,0.4632229641536752,0.261
46,0.045,0.614968417928155,0.231,0.03,0.3567349264171982,0.201,0.06,0.9264459283073504,0.261
47,0.08,1.0932771874278313,0.231,0.06,0.7134698528343963,0.201,0.1,1.5440765471789175,0.261
48,0.125,1.7082456053559862,0.231,0.1,1.1891164213906606,0.201,0.15,2.316114820768376,0.261
49,0.175,2.391543847498381,0.231,0.15,1.783674632085991,0.201,0.2,3.088153094357835,0.261
50,0.225,3.074842089640775,0.231,0.2,2.3782328427813213,0.201,0.25,3.8601913679472935,0.261
51,0.275,3.75814033178317,0.231,0.25,2.9727910534766515,0.201,0.3,4.632229641536752,0.261
52,0.35,4.783087694996762,0.231,0.3,3.567349264171982,0.201,0.4,6.17630618871567,0.261
53,0.45,6.14968417928155,0.231,0.4,4.756465685562643,0.201,0.5,7.720382735894587,0.261
54,0.55,7.51628066356634,0.231,0.5,5.945582106953303,0.201,0.6,9.264459283073505,0.261
55,0.6499999999999999,8.882877147851127,0.231,0.6,7.134698528343964,0.201,0.7,10.808535830252422,0.261
56,0.015,0.26622009434119265,0.30000000000000004,0.0,0.0,0.261,0.03,0.6016574132110954,0.339
57,0.045,0.798660283023578,0.30000000000000004,0.03,0.4632229641536752,0.261,0.06,1.203314826422191,0.339
58,0.08,1.419840503153028,0.30000000000000004,0.06,0.9264459283073504,0.261,0.1,2.0055247107036513,0.339
59,0.125,2.2185007861766057,0.30000000000000004,0.1,1.5440765471789175,0.261,0.15,3.0082870660554772,0.339
60,0.175,3.105901100647248,0.30000000000000004,0.15,2.316114820768376,0.261,0.2,4.011049421407303,0.339
61,0.225,3.9933014151178905,0.30000000000000004,0.2,3.088153094357835,0.261,0.25,5.013811776759129,0.339
62,0.275,4.880701729588532,0.30000000000000004,0.25,3.8601913679472935,0.261,0.3,6.0165741321109545,0.339
63,0.35,6.211802201294496,0.30000000000000004,0.3,4.632229641536752,0.261,0.4,8.022098842814605,0.339
64,0.45,7.986602830235781,0.30000000000000004,0.4,6.17630618871567,0.261,0.5,10.027623553518257,0.339
65,0.55,9.761403459177064,0.30000000000000004,0.5,7.720382735894587,0.261,0.6,12.033148264221909,0.339
66,0.6499999999999999,11.53620408811835,0.30000000000000004,0.6,9.264459283073505,0.261,0.7,14.03867297492556,0.339
67,0.015,0.34608612264355043,0.39,0.0,0.0,0.339,0.03,0.7826870773631063,0.441
68,0.045,1.0382583679306514,0.39,0.03,0.6016574132110954,0.339,0.06,1.5653741547262126,0.441
69,0.08,1.845792654098936,0.39,0.06,1.203314826422191,0.339,0.1,2.608956924543688,0.441
70,0.125,2.8840510220295874,0.39,0.1,2.0055247107036513,0.339,0.15,3.913435386815532,0.441
71,0.175,4.037671430841422,0.39,0.15,3.0082870660554772,0.339,0.2,5.217913849087376,0.441
72,0.225,5.191291839653257,0.39,0.2,4.011049421407303,0.339,0.25,6.52239231135922,0.441
73,0.275,6.344912248465092,0.39,0.25,5.013811776759129,0.339,0.3,7.826870773631064,0.441
74,0.35,8.075342861682843,0.39,0.3,6.0165741321109545,0.339,0.4,10.435827698174752,0.441
75,0.45,10.382583679306514,0.39,0.4,8.022098842814605,0.339,0.5,13.04478462271844,0.441
76,0.55,12.689824496930184,0.39,0.5,10.027623553518257,0.339,0.6,15.653741547262127,0.441
77,0.6499999999999999,14.997065314553852,0.39,0.6,12.033148264221909,0.339,0.7,18.262698471805816,0.441
78,0.015,0.44991195943661555,0.507,0.0,0.0,0.441,0.03,1.0169607603833557,0.573
79,0.045,1.3497358783098468,0.507,0.03,0.7826870773631063,0.441,0.06,2.0339215207667114,0.573
80,0.08,2.3995304503286166,0.507,0.06,1.5653741547262126,0.441,0.1,3.3898692012778526,0.573
81,0.125,3.749266328638463,0.507,0.1,2.608956924543688,0.441,0.15,5.084803801916779,0.573
82,0.175,5.248972860093849,0.507,0.15,3.913435386815532,0.441,0.2,6.779738402555705,0.573
83,0.225,6.748679391549234,0.507,0.2,5.217913849087376,0.441,0.25,8.474673003194631,0.573
84,0.275,8.24838592300462,0.507,0.25,6.52239231135922,0.441,0.3,10.169607603833558,0.573
85,0.35,10.497945720187698,0.507,0.3,7.826870773631064,0.441,0.4,13.55947680511141,0.573
86,0.45,13.497358783098468,0.507,0.4,10.435827698174752,0.441,0.5,16.949346006389263,0.573
87,0.55,16.49677184600924,0.507,0.5,13.04478462271844,0.441,0.6,20.339215207667117,0.573
88,0.6499999999999999,19.496184908920007,0.507,0.6,15.653741547262127,0.441,0.7,23.72908440894497,0.573
89,0.015,0.5847968072361531,0.659,0.0,0.0,0.573,0.03,1.3222264685612566,0.745
90,0.045,1.7543904217084596,0.659,0.03,1.0169607603833557,0.573,0.06,2.644452937122513,0.745
91,0.08,3.1189163052594844,0.659,0.06,2.0339215207667114,0.573,0.1,4.407421561870856,0.745
92,0.125,4.873306726967943,0.659,0.1,3.3898692012778526,0.573,0.15,6.611132342806284,0.745
93,0.175,6.822629417755121,0.659,0.15,5.084803801916779,0.573,0.2,8.814843123741712,0.745
94,0.225,8.771952108542298,0.659,0.2,6.779738402555705,0.573,0.25,11.018553904677141,0.745
95,0.275,10.721274799329475,0.659,0.25,8.474673003194631,0.573,0.3,13.222264685612569,0.745
96,0.35,13.645258835510242,0.659,0.3,10.169607603833558,0.573,0.4,17.629686247483424,0.745
97,0.45,17.543904217084595,0.659,0.4,13.55947680511141,0.573,0.5,22.037107809354282,0.745
98,0.55,21.44254959865895,0.659,0.5,16.949346006389263,0.573,0.6,26.444529371225137,0.745
99,0.6499999999999999,25.341194980233304,0.659,0.6,20.339215207667117,0.573,0.7,30.851950933095996,0.745
100,0.015,0.20492566292110923,0.1775,0.0,0.0,0.154,0.03,0.46411333236217417,0.201
101,0.045,0.6147769887633278,0.1775,0.03,0.3555893193222628,0.154,0.06,0.9282266647243483,0.201
102,0.08,1.0929368689125827,0.1775,0.06,0.7111786386445256,0.154,0.1,1.5470444412072475,0.201
103,0.125,1.7077138576759103,0.1775,0.1,1.1852977310742094,0.154,0.15,2.3205666618108713,0.201
104,0.175,2.3907994007462747,0.1775,0.15,1.7779465966113142,0.154,0.2,3.094088882414495,0.201
105,0.225,3.0738849438166387,0.1775,0.2,2.370595462148419,0.154,0.25,3.8676111030181186,0.201
106,0.275,3.7569704868870026,0.1775,0.25,2.963244327685523,0.154,0.3,4.641133323621743,0.201
107,0.35,4.7815988014925495,0.1775,0.3,3.5558931932226283,0.154,0.4,6.18817776482899,0.201
108,0.45,6.147769887633277,0.1775,0.4,4.741190924296838,0.154,0.5,7.735222206036237,0.201
109,0.55,7.513940973774005,0.1775,0.5,5.926488655371046,0.154,0.6,9.282266647243485,0.201
110,0.6499999999999999,8.880112059914733,0.1775,0.6,7.111786386445257,0.154,0.7,10.829311088450732,0.201
111,0.015,0.2666919894916971,0.231,0.0,0.0,0.201,0.03,0.6026546256046142,0.261
112,0.045,0.8000759684750913,0.231,0.03,0.46411333236217417,0.201,0.06,1.2053092512092285,0.261
113,0.08,1.4223572772890514,0.231,0.06,0.9282266647243483,0.201,0.1,2.008848752015381,0.261
114,0.125,2.2224332457641425,0.231,0.1,1.5470444412072475,0.201,0.15,3.0132731280230716,0.261
115,0.175,3.1114065440698,0.231,0.15,2.3205666618108713,0.201,0.2,4.017697504030762,0.261
116,0.225,4.000379842375457,0.231,0.2,3.094088882414495,0.201,0.25,5.022121880038452,0.261
117,0.275,4.889353140681115,0.231,0.25,3.8676111030181186,0.201,0.3,6.026546256046143,0.261
118,0.35,6.2228130881396,0.231,0.3,4.641133323621743,0.201,0.4,8.035395008061524,0.261
119,0.45,8.000759684750914,0.231,0.4,6.18817776482899,0.201,0.5,10.044243760076904,0.261
120,0.55,9.77870628136223,0.231,0.5,7.735222206036237,0.201,0.6,12.053092512092286,0.261
121,0.6499999999999999,11.55665287797354,0.231,0.6,9.282266647243485,0.201,0.7,14.061941264107668,0.261
122,0.015,0.34635323310610017,0.30000000000000004,0.0,0.0,0.261,0.03,0.7827583068197864,0.339
123,0.045,1.0390596993183006,0.30000000000000004,0.03,0.6026546256046142,0.261,0.06,1.5655166136395728,0.339
124,0.08,1.8472172432325347,0.30000000000000004,0.06,1.2053092512092285,0.261,0.1,2.6091943560659545,0.339
125,0.125,2.8862769425508352,0.30000000000000004,0.1,2.008848752015381,0.261,0.15,3.913791534098932,0.339
126,0.175,4.04078771957117,0.30000000000000004,0.15,3.0132731280230716,0.261,0.2,5.218388712131909,0.339
127,0.225,5.195298496591503,0.30000000000000004,0.2,4.017697504030762,0.261,0.25,6.522985890164886,0.339
128,0.275,6.349809273611837,0.30000000000000004,0.25,5.022121880038452,0.261,0.3,7.827583068197864,0.339
129,0.35,8.08157543914234,0.30000000000000004,0.3,6.026546256046143,0.261,0.4,10.436777424263818,0.339
130,0.45,10.390596993183006,0.30000000000000004,0.4,8.035395008061524,0.261,0.5,13.045971780329772,0.339
131,0.55,12.699618547223674,0.30000000000000004,0.5,10.044243760076904,0.261,0.6,15.655166136395728,0.339
132,0.6499999999999999,15.00864010126434,0.30000000000000004,0.6,12.053092512092286,0.261,0.7,18.264360492461684,0.339
133,0.015,0.45025920303793016,0.39,0.0,0.0,0.339,0.03,1.0182785053319343,0.441
134,0.045,1.3507776091137906,0.39,0.03,0.7827583068197864,0.339,0.06,2.0365570106638686,0.441
135,0.08,2.4013824162022948,0.39,0.06,1.5655166136395728,0.339,0.1,3.3942616844397815,0.441
136,0.125,3.752160025316085,0.39,0.1,2.6091943560659545,0.339,0.15,5.091392526659672,0.441
137,0.175,5.253024035442519,0.39,0.15,3.913791534098932,0.339,0.2,6.788523368879563,0.441
138,0.225,6.753888045568953,0.39,0.2,5.218388712131909,0.339,0.25,8.485654211099455,0.441
139,0.275,8.254752055695388,0.39,0.25,6.522985890164886,0.339,0.3,10.182785053319344,0.441
140,0.35,10.506048070885038,0.39,0.3,7.827583068197864,0.339,0.4,13.577046737759126,0.441
141,0.45,13.507776091137906,0.39,0.4,10.436777424263818,0.339,0.5,16.97130842219891,0.441
142,0.55,16.509504111390775,0.39,0.5,13.045971780329772,0.339,0.6,20.36557010663869,0.441
143,0.6499999999999999,19.51123213164364,0.39,0.6,15.655166136395728,0.339,0.7,23.759831791078472,0.441
144,0.015,0.5853369639493092,0.507,0.0,0.0,0.441,0.03,1.3230693504653024,0.573
145,0.045,1.7560108918479278,0.507,0.03,1.0182785053319343,0.441,0.06,2.6461387009306048,0.573
146,0.08,3.121797141062983,0.507,0.06,2.0365570106638686,0.441,0.1,4.410231168217675,0.573
147,0.125,4.87780803291091,0.507,0.1,3.3942616844397815,0.441,0.15,6.615346752326512,0.573
148,0.175,6.828931246075275,0.507,0.15,5.091392526659672,0.441,0.2,8.82046233643535,0.573
149,0.225,8.780054459239638,0.507,0.2,6.788523368879563,0.441,0.25,11.025577920544187,0.573
150,0.275,10.731177672404002,0.507,0.25,8.485654211099455,0.441,0.3,13.230693504653024,0.573
151,0.35,13.65786249215055,0.507,0.3,10.182785053319344,0.441,0.4,17.6409246728707,0.573
152,0.45,17.560108918479276,0.507,0.4,13.577046737759126,0.441,0.5,22.051155841088374,0.573
153,0.55,21.462355344808003,0.507,0.5,16.97130842219891,0.441,0.6,26.461387009306048,0.573
154,0.6499999999999999,25.36460177113673,0.507,0.6,20.36557010663869,0.441,0.7,30.87161817752372,0.573
155,0.015,0.7608226020564,0.659,0.0,0.0,0.573,0.03,1.7202210577602972,0.745
156,0.045,2.2824678061692003,0.659,0.03,1.3230693504653024,0.573,0.06,3.4404421155205944,0.745
157,0.08,4.057720544300801,0.659,0.06,2.6461387009306048,0.573,0.1,5.7340701925343245,0.745
158,0.125,6.34018835047,0.659,0.1,4.410231168217675,0.573,0.15,8.601105288801486,0.745
159,0.175,8.876263690658,0.659,0.15,6.615346752326512,0.573,0.2,11.468140385068649,0.745
160,0.225,11.412339030845999,0.659,0.2,8.82046233643535,0.573,0.25,14.335175481335812,0.745
161,0.275,13.948414371034,0.659,0.25,11.025577920544187,0.573,0.3,17.202210577602973,0.745
162,0.35,17.752527381316,0.659,0.3,13.230693504653024,0.573,0.4,22.936280770137298,0.745
163,0.45,22.824678061691998,0.659,0.4,17.6409246728707,0.573,0.5,28.670350962671623,0.745
164,0.55,27.896828742068,0.659,0.5,22.051155841088374,0.573,0.6,34.404421155205945,0.745
165,0.6499999999999999,32.968979422443994,0.659,0.6,26.461387009306048,0.573,0.7,40.13849134774027,0.745
166,0.015,0.20458435510785133,0.1365,0.0,0.0,0.119,0.03,0.4616262371664337,0.154
167,0.045,0.613753065323554,0.1365,0.03,0.35671118326497153,0.119,0.06,0.9232524743328674,0.154
168,0.08,1.0911165605752073,0.1365,0.06,0.7134223665299431,0.119,0.1,1.5387541238881126,0.154
169,0.125,1.7048696258987612,0.1365,0.1,1.189037277549905,0.119,0.15,2.3081311858321687,0.154
170,0.175,2.386817476258266,0.1365,0.15,1.7835559163248575,0.119,0.2,3.0775082477762252,0.154
171,0.225,3.06876532661777,0.1365,0.2,2.37807455509981,0.119,0.25,3.846885309720281,0.154
172,0.275,3.7507131769772744,0.1365,0.25,2.9725931938747627,0.119,0.3,4.616262371664337,0.154
173,0.35,4.773634952516532,0.1365,0.3,3.567111832649715,0.119,0.4,6.1550164955524505,0.154
174,0.45,6.13753065323554,0.1365,0.4,4.75614911019962,0.119,0.5,7.693770619440562,0.154
175,0.55,7.501426353954549,0.1365,0.5,5.9451863877495255,0.119,0.6,9.232524743328675,0.154
176,0.6499999999999999,8.865322054673557,0.1365,0.6,7.13422366529943,0.119,0.7,10.771278867216788,0.154
177,0.015,0.266034600964422,0.1775,0.0,0.0,0.154,0.03,0.6025121666912544,0.201
178,0.045,0.7981038028932661,0.1775,0.03,0.4616262371664337,0.154,0.06,1.2050243333825088,0.201
179,0.08,1.4188512051435844,0.1775,0.06,0.9232524743328674,0.154,0.1,2.0083738889708482,0.201
180,0.125,2.2169550080368503,0.1775,0.1,1.5387541238881126,0.154,0.15,3.0125608334562726,0.201
181,0.175,3.1037370112515905,0.1775,0.15,2.3081311858321687,0.154,0.2,4.0167477779416965,0.201
182,0.225,3.9905190144663307,0.1775,0.2,3.0775082477762252,0.154,0.25,5.02093472242712,0.201
183,0.275,4.877301017681071,0.1775,0.25,3.846885309720281,0.154,0.3,6.025121666912545,0.201
184,0.35,6.207474022503181,0.1775,0.3,4.616262371664337,0.154,0.4,8.033495555883393,0.201
185,0.45,7.9810380289326615,0.1775,0.4,6.1550164955524505,0.154,0.5,10.04186944485424,0.201
186,0.55,9.754602035362142,0.1775,0.5,7.693770619440562,0.154,0.6,12.05024333382509,0.201
187,0.6499999999999999,11.52816604179162,0.1775,0.6,9.232524743328675,0.154,0.7,14.058617222795936,0.201
188,0.015,0.3462196778748253,0.231,0.0,0.0,0.201,0.03,0.7823665448080468,0.261
189,0.045,1.038659033624476,0.231,0.03,0.6025121666912544,0.201,0.06,1.5647330896160936,0.261
190,0.08,1.8465049486657352,0.231,0.06,1.2050243333825088,0.201,0.1,2.6078884826934896,0.261
191,0.125,2.885163982290211,0.231,0.1,2.0083738889708482,0.201,0.15,3.9118327240402344,0.261
192,0.175,4.039229575206296,0.231,0.15,3.0125608334562726,0.201,0.2,5.215776965386979,0.261
193,0.225,5.19329516812238,0.231,0.2,4.0167477779416965,0.201,0.25,6.519721206733723,0.261
194,0.275,6.347360761038464,0.231,0.25,5.02093472242712,0.201,0.3,7.823665448080469,0.261
195,0.35,8.078459150412591,0.231,0.3,6.025121666912545,0.201,0.4,10.431553930773958,0.261
196,0.45,10.38659033624476,0.231,0.4,8.033495555883393,0.201,0.5,13.039442413467446,0.261
197,0.55,12.694721522076929,0.231,0.5,10.04186944485424,0.201,0.6,15.647330896160938,0.261
198,0.6499999999999999,15.002852707909096,0.231,0.6,12.05024333382509,0.201,0.7,18.255219378854427,0.261
199,0.015,0.4496359452919809,0.30000000000000004,0.0,0.0,0.261,0.03,1.016177236359877,0.339
200,0.045,1.348907835875943,0.30000000000000004,0.03,0.7823665448080468,0.261,0.06,2.032354472719754,0.339
201,0.08,2.3980583748905655,0.30000000000000004,0.06,1.5647330896160936,0.261,0.1,3.387257454532923,0.339
202,0.125,3.7469662107665083,0.30000000000000004,0.1,2.6078884826934896,0.261,0.15,5.080886181799385,0.339
203,0.175,5.245752695073112,0.30000000000000004,0.15,3.9118327240402344,0.261,0.2,6.774514909065846,0.339
204,0.225,6.744539179379715,0.30000000000000004,0.2,5.215776965386979,0.261,0.25,8.468143636332307,0.339
205,0.275,8.243325663686317,0.30000000000000004,0.25,6.519721206733723,0.261,0.3,10.16177236359877,0.339
206,0.35,10.491505390146225,0.30000000000000004,0.3,7.823665448080469,0.261,0.4,13.549029818131691,0.339
207,0.45,13.48907835875943,0.30000000000000004,0.4,10.431553930773958,0.261,0.5,16.936287272664615,0.339
208,0.55,16.486651327372634,0.30000000000000004,0.5,13.039442413467446,0.261,0.6,20.32354472719754,0.339
209,0.6499999999999999,19.48422429598584,0.30000000000000004,0.6,15.647330896160938,0.261,0.7,23.71080218173046,0.339
210,0.015,0.5845267288795751,0.39,0.0,0.0,0.339,0.03,1.3219296791584239,0.441
211,0.045,1.7535801866387257,0.39,0.03,1.016177236359877,0.339,0.06,2.6438593583168477,0.441
212,0.08,3.1174758873577346,0.39,0.06,2.032354472719754,0.339,0.1,4.406432263861413,0.441
213,0.125,4.87105607399646,0.39,0.1,3.387257454532923,0.339,0.15,6.609648395792119,0.441
214,0.175,6.819478503595044,0.39,0.15,5.080886181799385,0.339,0.2,8.812864527722827,0.441
215,0.225,8.767900933193628,0.39,0.2,6.774514909065846,0.339,0.25,11.016080659653532,0.441
216,0.275,10.716323362792213,0.39,0.25,8.468143636332307,0.339,0.3,13.219296791584238,0.441
217,0.35,13.638957007190088,0.39,0.3,10.16177236359877,0.339,0.4,17.625729055445653,0.441
218,0.45,17.535801866387256,0.39,0.4,13.549029818131691,0.339,0.5,22.032161319307065,0.441
219,0.55,21.432646725584426,0.39,0.5,16.936287272664615,0.339,0.6,26.438593583168476,0.441
220,0.6499999999999999,25.32949158478159,0.39,0.6,20.32354472719754,0.339,0.7,30.845025847029895,0.441
221,0.015,0.7598847475434477,0.507,0.0,0.0,0.441,0.03,1.7176093110153667,0.573
222,0.045,2.279654242630343,0.507,0.03,1.3219296791584239,0.441,0.06,3.4352186220307335,0.573
223,0.08,4.052718653565055,0.507,0.06,2.6438593583168477,0.441,0.1,5.725364370051223,0.573
224,0.125,6.332372896195397,0.507,0.1,4.406432263861413,0.441,0.15,8.588046555076835,0.573
225,0.175,8.865322054673557,0.507,0.15,6.609648395792119,0.441,0.2,11.450728740102447,0.573
226,0.225,11.398271213151716,0.507,0.2,8.812864527722827,0.441,0.25,14.313410925128059,0.573
227,0.275,13.931220371629875,0.507,0.25,11.016080659653532,0.441,0.3,17.17609311015367,0.573
228,0.35,17.730644109347114,0.507,0.3,13.219296791584238,0.441,0.4,22.901457480204893,0.573
229,0.45,22.796542426303432,0.507,0.4,17.625729055445653,0.441,0.5,28.626821850256118,0.573
230,0.55,27.86244074325975,0.507,0.5,22.032161319307065,0.441,0.6,34.35218622030734,0.573
231,0.6499999999999999,32.92833906021607,0.507,0.6,26.438593583168476,0.441,0.7,40.07755059035856,0.573
232,0.015,0.9877002931580514,0.659,0.0,0.0,0.573,0.03,2.2331918616168385,0.745
233,0.045,2.9631008794741547,0.659,0.03,1.7176093110153667,0.573,0.06,4.466383723233677,0.745
234,0.08,5.267734896842942,0.659,0.06,3.4352186220307335,0.573,0.1,7.443972872056128,0.745
235,0.125,8.230835776317095,0.659,0.1,5.725364370051223,0.573,0.15,11.165959308084192,0.745
236,0.175,11.523170086843933,0.659,0.15,8.588046555076835,0.573,0.2,14.887945744112256,0.745
237,0.225,14.815504397370772,0.659,0.2,11.450728740102447,0.573,0.25,18.609932180140323,0.745
238,0.275,18.10783870789761,0.659,0.25,14.313410925128059,0.573,0.3,22.331918616168384,0.745
239,0.35,23.046340173687867,0.659,0.3,17.17609311015367,0.573,0.4,29.775891488224513,0.745
240,0.45,29.631008794741543,0.659,0.4,22.901457480204893,0.573,0.5,37.219864360280646,0.745
241,0.55,36.21567741579522,0.659,0.5,28.626821850256118,0.573,0.6,44.66383723233677,0.745
242,0.6499999999999999,42.80034603684889,0.659,0.6,34.35218622030734,0.573,0.7,52.107810104392904,0.745
243,0.015,0.20474016954433863,0.105,0.0,0.0,0.091,0.03,0.46407771763383426,0.119
244,0.045,0.6142205086330159,0.105,0.03,0.3548829605435203,0.091,0.06,0.9281554352676685,0.119
245,0.08,1.0919475709031397,0.105,0.06,0.7097659210870406,0.091,0.1,1.5469257254461142,0.119
246,0.125,1.7061680795361553,0.105,0.1,1.1829432018117343,0.091,0.15,2.320388588169171,0.119
247,0.175,2.3886353113506176,0.105,0.15,1.7744148027176017,0.091,0.2,3.0938514508922283,0.119
248,0.225,3.07110254316508,0.105,0.2,2.3658864036234686,0.091,0.25,3.8673143136152857,0.119
249,0.275,3.753569774979542,0.105,0.25,2.957358004529336,0.091,0.3,4.640777176338342,0.119
250,0.35,4.777270622701235,0.105,0.3,3.5488296054352033,0.091,0.4,6.187702901784457,0.119
251,0.45,6.14220508633016,0.105,0.4,4.731772807246937,0.091,0.5,7.734628627230571,0.119
252,0.55,7.507139549959084,0.105,0.5,5.914716009058672,0.091,0.6,9.281554352676684,0.119
253,0.6499999999999999,8.872074013588007,0.105,0.6,7.097659210870407,0.091,0.7,10.8284800781228,0.119
254,0.015,0.26616222040764026,0.1365,0.0,0.0,0.119,0.03,0.6005711639967266,0.154
255,0.045,0.7984866612229208,0.1365,0.03,0.46407771763383426,0.119,0.06,1.2011423279934532,0.154
256,0.08,1.4195318421740817,0.1365,0.06,0.9281554352676685,0.119,0.1,2.001903879989089,0.154
257,0.125,2.2180185033970026,0.1365,0.1,1.5469257254461142,0.119,0.15,3.0028558199836337,0.154
258,0.175,3.105225904755803,0.1365,0.15,2.320388588169171,0.119,0.2,4.003807759978178,0.154
259,0.225,3.992433306114604,0.1365,0.2,3.0938514508922283,0.119,0.25,5.004759699972722,0.154
260,0.275,4.8796407074734045,0.1365,0.25,3.8673143136152857,0.119,0.3,6.005711639967267,0.154
261,0.35,6.210451809511606,0.1365,0.3,4.640777176338342,0.119,0.4,8.007615519956357,0.154
262,0.45,7.984866612229208,0.1365,0.4,6.187702901784457,0.119,0.5,10.009519399945445,0.154
263,0.55,9.759281414946809,0.1365,0.5,7.734628627230571,0.119,0.6,12.011423279934535,0.154
264,0.6499999999999999,11.53369621766441,0.1365,0.6,9.281554352676684,0.119,0.7,14.013327159923623,0.154
265,0.015,0.3461083818487629,0.1775,0.0,0.0,0.154,0.03,0.783862363398325,0.201
266,0.045,1.038325145546289,0.1775,0.03,0.6005711639967266,0.154,0.06,1.56772472679665,0.201
267,0.08,1.8459113698600693,0.1775,0.06,1.2011423279934532,0.154,0.1,2.612874544661084,0.201
268,0.125,2.8842365154063576,0.1775,0.1,2.001903879989089,0.154,0.15,3.919311816991626,0.201
269,0.175,4.037931121568901,0.1775,0.15,3.0028558199836337,0.154,0.2,5.225749089322168,0.201
270,0.225,5.191625727731444,0.1775,0.2,4.003807759978178,0.154,0.25,6.53218636165271,0.201
271,0.275,6.345320333893987,0.1775,0.25,5.004759699972722,0.154,0.3,7.838623633983252,0.201
272,0.35,8.075862243137802,0.1775,0.3,6.005711639967267,0.154,0.4,10.451498178644336,0.201
273,0.45,10.383251455462888,0.1775,0.4,8.007615519956357,0.154,0.5,13.06437272330542,0.201
274,0.55,12.690640667787974,0.1775,0.5,10.009519399945445,0.154,0.6,15.677247267966504,0.201
275,0.6499999999999999,14.998029880113059,0.1775,0.6,12.011423279934535,0.154,0.7,18.290121812627586,0.201
276,0.015,0.450428372997545,0.231,0.0,0.0,0.201,0.03,1.017851128591855,0.261
277,0.045,1.3512851189926351,0.231,0.03,0.783862363398325,0.201,0.06,2.03570225718371,0.261
278,0.08,2.402284655986907,0.231,0.06,1.56772472679665,0.201,0.1,3.3928370953061835,0.261
279,0.125,3.753569774979542,0.231,0.1,2.612874544661084,0.201,0.15,5.089255642959276,0.261
280,0.175,5.254997684971359,0.231,0.15,3.919311816991626,0.201,0.2,6.785674190612367,0.261
281,0.225,6.756425594963176,0.231,0.2,5.225749089322168,0.201,0.25,8.482092738265457,0.261
282,0.275,8.257853504954992,0.231,0.25,6.53218636165271,0.201,0.3,10.178511285918551,0.261
283,0.35,10.509995369942718,0.231,0.3,7.838623633983252,0.201,0.4,13.571348381224734,0.261
284,0.45,13.512851189926351,0.231,0.4,10.451498178644336,0.201,0.5,16.964185476530915,0.261
285,0.55,16.515707009909985,0.231,0.5,13.06437272330542,0.201,0.6,20.357022571837103,0.261
286,0.6499999999999999,19.518562829893614,0.231,0.6,15.677247267966504,0.201,0.7,23.749859667143287,0.261
287,0.015,0.5849719129838247,0.30000000000000004,0.0,0.0,0.261,0.03,1.322036523343444,0.339
288,0.045,1.7549157389514742,0.30000000000000004,0.03,1.017851128591855,0.261,0.06,2.644073046686888,0.339
289,0.08,3.119850202580399,0.30000000000000004,0.06,2.03570225718371,0.261,0.1,4.406788411144813,0.339
290,0.125,4.874765941531874,0.30000000000000004,0.1,3.3928370953061835,0.261,0.15,6.6101826167172195,0.339
291,0.175,6.824672318144623,0.30000000000000004,0.15,5.089255642959276,0.261,0.2,8.813576822289626,0.339
292,0.225,8.774578694757372,0.30000000000000004,0.2,6.785674190612367,0.261,0.25,11.016971027862033,0.339
293,0.275,10.72448507137012,0.30000000000000004,0.25,8.482092738265457,0.261,0.3,13.220365233434439,0.339
294,0.35,13.649344636289246,0.30000000000000004,0.3,10.178511285918551,0.261,0.4,17.627153644579252,0.339
295,0.45,17.549157389514743,0.30000000000000004,0.4,13.571348381224734,0.261,0.5,22.033942055724065,0.339
296,0.55,21.44897014274024,0.30000000000000004,0.5,16.964185476530915,0.261,0.6,26.440730466868878,0.339
297,0.6499999999999999,25.348782895965737,0.30000000000000004,0.6,20.357022571837103,0.261,0.7,30.84751887801369,0.339
298,0.015,0.760463486878972,0.39,0.0,0.0,0.339,0.03,1.7198174241724444,0.441
299,0.045,2.2813904606369166,0.39,0.03,1.322036523343444,0.339,0.06,3.439634848344889,0.441
300,0.08,4.055805263354519,0.39,0.06,2.644073046686888,0.339,0.1,5.732724747241482,0.441
301,0.125,6.337195723991434,0.39,0.1,4.406788411144813,0.339,0.15,8.599087120862222,0.441
302,0.175,8.872074013588009,0.39,0.15,6.6101826167172195,0.339,0.2,11.465449494482964,0.441
303,0.225,11.406952303184582,0.39,0.2,8.813576822289626,0.339,0.25,14.331811868103706,0.441
304,0.275,13.941830592781157,0.39,0.25,11.016971027862033,0.339,0.3,17.198174241724445,0.441
305,0.35,17.744148027176017,0.39,0.3,13.220365233434439,0.339,0.4,22.93089898896593,0.441
306,0.45,22.813904606369164,0.39,0.4,17.627153644579252,0.339,0.5,28.663623736207413,0.441
307,0.55,27.883661185562314,0.39,0.5,22.033942055724065,0.339,0.6,34.39634848344889,0.441
308,0.6499999999999999,32.95341776475546,0.39,0.6,26.440730466868878,0.339,0.7,40.12907323069038,0.441
309,0.015,0.9886025329426638,0.507,0.0,0.0,0.441,0.03,2.23459270759821,0.573
310,0.045,2.9658075988279915,0.507,0.03,1.7198174241724444,0.441,0.06,4.46918541519642,0.573
311,0.08,5.272546842360874,0.507,0.06,3.439634848344889,0.441,0.1,7.448642358660701,0.573
312,0.125,8.238354441188864,0.507,0.1,5.732724747241482,0.441,0.15,11.17296353799105,0.573
313,0.175,11.533696217664412,0.507,0.15,8.599087120862222,0.441,0.2,14.897284717321401,0.573
314,0.225,14.829037994139956,0.507,0.2,11.465449494482964,0.441,0.25,18.62160589665175,0.573
315,0.275,18.1243797706155,0.507,0.25,14.331811868103706,0.441,0.3,22.3459270759821,0.573
316,0.35,23.067392435328824,0.507,0.3,17.198174241724445,0.441,0.4,29.794569434642803,0.573
317,0.45,29.65807598827991,0.507,0.4,22.93089898896593,0.441,0.5,37.2432117933035,0.573
318,0.55,36.248759541231,0.507,0.5,28.663623736207413,0.441,0.6,44.6918541519642,0.573
319,0.6499999999999999,42.839443094182094,0.507,0.6,34.39634848344889,0.441,0.7,52.14049651062491,0.573
320,0.015,1.2849883021878015,0.659,0.0,0.0,0.573,0.03,2.905360501152996,0.745
321,0.045,3.854964906563405,0.659,0.03,2.23459270759821,0.573,0.06,5.810721002305992,0.745
322,0.08,6.8532709450016105,0.659,0.06,4.46918541519642,0.573,0.1,9.68453500384332,0.745
323,0.125,10.708235851565012,0.659,0.1,7.448642358660701,0.573,0.15,14.52680250576498,0.745
324,0.175,14.99153019219102,0.659,0.15,11.17296353799105,0.573,0.2,19.36907000768664,0.745
325,0.225,19.274824532817025,0.659,0.2,14.897284717321401,0.573,0.25,24.211337509608303,0.745
326,0.275,23.55811887344303,0.659,0.25,18.62160589665175,0.573,0.3,29.05360501152996,0.745
327,0.35,29.98306038438204,0.659,0.3,22.3459270759821,0.573,0.4,38.73814001537328,0.745
328,0.45,38.54964906563405,0.659,0.4,29.794569434642803,0.573,0.5,48.422675019216605,0.745
329,0.55,47.11623774688606,0.659,0.5,37.2432117933035,0.573,0.6,58.10721002305992,0.745
330,0.6499999999999999,55.682826428138064,0.659,0.6,44.6918541519642,0.573,0.7,67.79174502690324,0.745
331,0.015,1.6710697647571258,0.857,0.0,0.0,0.745,0.03,3.7789185578755076,0.969
332,0.045,5.013209294271378,0.857,0.03,2.905360501152996,0.745,0.06,7.557837115751015,0.969
333,0.08,8.912372078704673,0.857,0.06,5.810721002305992,0.745,0.1,12.596395192918358,0.969
334,0.125,13.92558137297605,0.857,0.1,9.68453500384332,0.745,0.15,18.894592789377537,0.969
335,0.175,19.495813922166466,0.857,0.15,14.52680250576498,0.745,0.2,25.192790385836716,0.969
336,0.225,25.066046471356888,0.857,0.2,19.36907000768664,0.745,0.25,31.490987982295895,0.969
337,0.275,30.636279020547306,0.857,0.25,24.211337509608303,0.745,0.3,37.789185578755074,0.969
338,0.35,38.99162784433293,0.857,0.3,29.05360501152996,0.745,0.4,50.38558077167343,0.969
339,0.45,50.132092942713776,0.857,0.4,38.73814001537328,0.745,0.5,62.98197596459179,0.969
340,0.55,61.27255804109461,0.857,0.5,48.422675019216605,0.745,0.6,75.57837115751015,0.969
341,0.6499999999999999,72.41302313947544,0.857,0.6,58.10721002305992,0.745,0.7,88.17476635042851,0.969
342,0.015,0.20403381076559612,0.0805,0.0,0.0,0.07,0.03,0.4612938330352608,0.091
343,0.045,0.6121014322967884,0.0805,0.03,0.3548414100271237,0.07,0.06,0.9225876660705216,0.091
344,0.08,1.0881803240831796,0.0805,0.06,0.7096828200542474,0.07,0.1,1.537646110117536,0.091
345,0.125,1.7002817563799677,0.0805,0.1,1.1828047000904125,0.07,0.15,2.306469165176304,0.091
346,0.175,2.380394458931955,0.0805,0.15,1.7742070501356189,0.07,0.2,3.075292220235072,0.091
347,0.225,3.060507161483942,0.0805,0.2,2.365609400180825,0.07,0.25,3.8441152752938406,0.091
348,0.275,3.7406198640359296,0.0805,0.25,2.957011750226031,0.07,0.3,4.612938330352608,0.091
349,0.35,4.76078891786391,0.0805,0.3,3.5484141002712377,0.07,0.4,6.150584440470144,0.091
350,0.45,6.121014322967884,0.0805,0.4,4.73121880036165,0.07,0.5,7.688230550587681,0.091
351,0.55,7.481239728071859,0.0805,0.5,5.914023500452062,0.07,0.6,9.225876660705216,0.091
352,0.6499999999999999,8.84146513317583,0.0805,0.6,7.096828200542475,0.07,0.7,10.763522770822753,0.091
353,0.015,0.2661310575203428,0.105,0.0,0.0,0.091,0.03,0.6032303970461103,0.119
354,0.045,0.7983931725610283,0.105,0.03,0.4612938330352608,0.091,0.06,1.2064607940922205,0.119
355,0.08,1.4193656401084949,0.105,0.06,0.9225876660705216,0.091,0.1,2.010767990153701,0.119
356,0.125,2.217758812669523,0.105,0.1,1.537646110117536,0.091,0.15,3.016151985230551,0.119
357,0.175,3.104862337737332,0.105,0.15,2.306469165176304,0.091,0.2,4.021535980307402,0.119
358,0.225,3.991965862805142,0.105,0.2,3.075292220235072,0.091,0.25,5.026919975384253,0.119
359,0.275,4.879069387872951,0.105,0.25,3.8441152752938406,0.091,0.3,6.032303970461102,0.119
360,0.35,6.209724675474664,0.105,0.3,4.612938330352608,0.091,0.4,8.043071960614803,0.119
361,0.45,7.983931725610284,0.105,0.4,6.150584440470144,0.091,0.5,10.053839950768506,0.119
362,0.55,9.758138775745902,0.105,0.5,7.688230550587681,0.091,0.6,12.064607940922205,0.119
363,0.6499999999999999,11.532345825881517,0.105,0.6,9.225876660705216,0.091,0.7,14.075375931075907,0.119
364,0.015,0.34597037477644565,0.1365,0.0,0.0,0.119,0.03,0.780651102059672,0.154
365,0.045,1.0379111243293369,0.1365,0.03,0.6032303970461103,0.119,0.06,1.561302204119344,0.154
366,0.08,1.8451753321410438,0.1365,0.06,1.2064607940922205,0.119,0.1,2.6021703401989074,0.154
367,0.125,2.8830864564703806,0.1365,0.1,2.010767990153701,0.119,0.15,3.903255510298361,0.154
368,0.175,4.0363210390585325,0.1365,0.15,3.016151985230551,0.119,0.2,5.204340680397815,0.154
369,0.225,5.189555621646685,0.1365,0.2,4.021535980307402,0.119,0.25,6.505425850497268,0.154
370,0.275,6.342790204234837,0.1365,0.25,5.026919975384253,0.119,0.3,7.806511020596722,0.154
371,0.35,8.072642078117065,0.1365,0.3,6.032303970461102,0.119,0.4,10.40868136079563,0.154
372,0.45,10.37911124329337,0.1365,0.4,8.043071960614803,0.119,0.5,13.010851700994536,0.154
373,0.55,12.685580408469674,0.1365,0.5,10.053839950768506,0.119,0.6,15.613022041193444,0.154
374,0.6499999999999999,14.992049573645975,0.1365,0.6,12.064607940922205,0.119,0.7,18.21519238139235,0.154
375,0.015,0.4498882162843889,0.1775,0.0,0.0,0.154,0.03,1.0189017630778838,0.201
376,0.045,1.349664648853167,0.1775,0.03,0.780651102059672,0.154,0.06,2.0378035261557677,0.201
377,0.08,2.3994038201834083,0.1775,0.06,1.561302204119344,0.154,0.1,3.396339210259613,0.201
378,0.125,3.7490684690365748,0.1775,0.1,2.6021703401989074,0.154,0.15,5.094508815389419,0.201
379,0.175,5.248695856651205,0.1775,0.15,3.903255510298361,0.154,0.2,6.792678420519226,0.201
380,0.225,6.748323244265835,0.1775,0.2,5.204340680397815,0.154,0.25,8.490848025649033,0.201
381,0.275,8.247950631880464,0.1775,0.25,6.505425850497268,0.154,0.3,10.189017630778839,0.201
382,0.35,10.49739171330241,0.1775,0.3,7.806511020596722,0.154,0.4,13.585356841038452,0.201
383,0.45,13.49664648853167,0.1775,0.4,10.40868136079563,0.154,0.5,16.981696051298066,0.201
384,0.55,16.495901263760928,0.1775,0.5,13.010851700994536,0.154,0.6,20.378035261557677,0.201
385,0.6499999999999999,19.495156038990185,0.1775,0.6,15.613022041193444,0.154,0.7,23.77437447181729,0.201
386,0.015,0.5854883265447541,0.231,0.0,0.0,0.201,0.03,1.3230515431011327,0.261
387,0.045,1.7564649796342624,0.231,0.03,1.0189017630778838,0.201,0.06,2.6461030862022654,0.261
388,0.08,3.122604408238689,0.231,0.06,2.0378035261557677,0.201,0.1,4.4101718103371095,0.261
389,0.125,4.879069387872951,0.231,0.1,3.396339210259613,0.201,0.15,6.615257715505664,0.261
390,0.175,6.830697143022132,0.231,0.15,5.094508815389419,0.201,0.2,8.820343620674219,0.261
391,0.225,8.782324898171312,0.231,0.2,6.792678420519226,0.201,0.25,11.025429525842773,0.261
392,0.275,10.733952653320493,0.231,0.25,8.490848025649033,0.201,0.3,13.230515431011328,0.261
393,0.35,13.661394286044263,0.231,0.3,10.189017630778839,0.201,0.4,17.640687241348438,0.261
394,0.45,17.564649796342625,0.231,0.4,13.585356841038452,0.201,0.5,22.050859051685546,0.261
395,0.55,21.467905306640986,0.231,0.5,16.981696051298066,0.201,0.6,26.461030862022657,0.261
396,0.6499999999999999,25.371160816939344,0.231,0.6,20.378035261557677,0.201,0.7,30.871202672359768,0.261
397,0.015,0.7603744500581222,0.30000000000000004,0.0,0.0,0.261,0.03,1.7184462571313563,0.339
398,0.045,2.281123350174367,0.30000000000000004,0.03,1.3230515431011327,0.261,0.06,3.4368925142627127,0.339
399,0.08,4.055330400309987,0.30000000000000004,0.06,2.6461030862022654,0.261,0.1,5.728154190437854,0.339
400,0.125,6.336453750484353,0.30000000000000004,0.1,4.4101718103371095,0.261,0.15,8.592231285656782,0.339
401,0.175,8.871035250678094,0.30000000000000004,0.15,6.615257715505664,0.261,0.2,11.456308380875708,0.339
402,0.225,11.405616750871836,0.30000000000000004,0.2,8.820343620674219,0.261,0.25,14.320385476094636,0.339
403,0.275,13.940198251065576,0.30000000000000004,0.25,11.025429525842773,0.261,0.3,17.184462571313563,0.339
404,0.35,17.74207050135619,0.30000000000000004,0.3,13.230515431011328,0.261,0.4,22.912616761751416,0.339
405,0.45,22.811233501743672,0.30000000000000004,0.4,17.640687241348438,0.261,0.5,28.64077095218927,0.339
406,0.55,27.880396502131152,0.30000000000000004,0.5,22.050859051685546,0.261,0.6,34.36892514262713,0.339
407,0.6499999999999999,32.94955950251863,0.30000000000000004,0.6,26.461030862022657,0.261,0.7,40.09707933306498,0.339
408,0.015,0.9884867850755589,0.39,0.0,0.0,0.339,0.03,2.235500883170879,0.441
409,0.045,2.965460355226677,0.39,0.03,1.7184462571313563,0.339,0.06,4.471001766341758,0.441
410,0.08,5.271929520402981,0.39,0.06,3.4368925142627127,0.339,0.1,7.451669610569598,0.441
411,0.125,8.237389875629658,0.39,0.1,5.728154190437854,0.339,0.15,11.177504415854397,0.441
412,0.175,11.53234582588152,0.39,0.15,8.592231285656782,0.339,0.2,14.903339221139197,0.441
413,0.225,14.827301776133384,0.39,0.2,11.456308380875708,0.339,0.25,18.629174026423996,0.441
414,0.275,18.122257726385246,0.39,0.25,14.320385476094636,0.339,0.3,22.355008831708794,0.441
415,0.35,23.06469165176304,0.39,0.3,17.184462571313563,0.339,0.4,29.806678442278393,0.441
416,0.45,29.654603552266767,0.39,0.4,22.912616761751416,0.339,0.5,37.25834805284799,0.441
417,0.55,36.24451545277049,0.39,0.5,28.64077095218927,0.339,0.6,44.71001766341759,0.441
418,0.6499999999999999,42.834427353274215,0.39,0.6,34.36892514262713,0.339,0.7,52.16168727398719,0.441
419,0.015,1.2850328205982267,0.507,0.0,0.0,0.441,0.03,2.9046303992220266,0.573
420,0.045,3.85509846179468,0.507,0.03,2.235500883170879,0.441,0.06,5.809260798444053,0.573
421,0.08,6.853508376523876,0.507,0.06,4.471001766341758,0.441,0.1,9.682101330740089,0.573
422,0.125,10.708606838318554,0.507,0.1,7.451669610569598,0.441,0.15,14.523151996110133,0.573
423,0.175,14.992049573645978,0.507,0.15,11.177504415854397,0.441,0.2,19.364202661480178,0.573
424,0.225,19.275492308973398,0.507,0.2,14.903339221139197,0.441,0.25,24.205253326850222,0.573
425,0.275,23.55893504430082,0.507,0.25,18.629174026423996,0.441,0.3,29.046303992220267,0.573
426,0.35,29.984099147291957,0.507,0.3,22.355008831708794,0.441,0.4,38.728405322960356,0.573
427,0.45,38.550984617946796,0.507,0.4,29.806678442278393,0.441,0.5,48.410506653700445,0.573
428,0.55,47.11787008860164,0.507,0.5,37.25834805284799,0.441,0.6,58.092607984440534,0.573
429,0.6499999999999999,55.68475555925648,0.507,0.6,44.71001766341759,0.441,0.7,67.77470931518063,0.573
430,0.015,1.670289208627675,0.659,0.0,0.0,0.573,0.03,3.7765264352886736,0.745
431,0.045,5.010867625883026,0.659,0.03,2.9046303992220266,0.573,0.06,7.553052870577347,0.745
432,0.08,8.908209112680936,0.659,0.06,5.809260798444053,0.573,0.1,12.588421450962246,0.745
433,0.125,13.91907673856396,0.659,0.1,9.682101330740089,0.573,0.15,18.88263217644337,0.745
434,0.175,19.486707433989544,0.659,0.15,14.523151996110133,0.573,0.2,25.17684290192449,0.745
435,0.225,25.05433812941513,0.659,0.2,19.364202661480178,0.573,0.25,31.471053627405617,0.745
436,0.275,30.621968824840714,0.659,0.25,24.205253326850222,0.573,0.3,37.76526435288674,0.745
437,0.35,38.97341486797909,0.659,0.3,29.046303992220267,0.573,0.4,50.35368580384898,0.745
438,0.45,50.10867625883026,0.659,0.4,38.728405322960356,0.573,0.5,62.94210725481123,0.745
439,0.55,61.24393764968143,0.659,0.5,48.410506653700445,0.573,0.6,75.53052870577348,0.745
440,0.6499999999999999,72.37919904053258,0.659,0.6,58.092607984440534,0.573,0.7,88.11895015673572,0.745
441,0.015,2.172136345666036,0.857,0.0,0.0,0.745,0.03,4.912018947375469,0.969
442,0.045,6.516409036998108,0.857,0.03,3.7765264352886736,0.745,0.06,9.824037894750939,0.969
443,0.08,11.584727176885526,0.857,0.06,7.553052870577347,0.745,0.1,16.373396491251565,0.969
444,0.125,18.10113621388363,0.857,0.1,12.588421450962246,0.745,0.15,24.56009473687735,0.969
445,0.175,25.341590699437084,0.857,0.15,18.88263217644337,0.745,0.2,32.74679298250313,0.969
446,0.225,32.58204518499054,0.857,0.2,25.17684290192449,0.745,0.25,40.93349122812891,0.969
447,0.275,39.82249967054399,0.857,0.25,31.471053627405617,0.745,0.3,49.1201894737547,0.969
448,0.35,50.68318139887417,0.857,0.3,37.76526435288674,0.745,0.4,65.49358596500626,0.969
449,0.45,65.16409036998108,0.857,0.4,50.35368580384898,0.745,0.5,81.86698245625782,0.969
450,0.55,79.64499934108798,0.857,0.5,62.94210725481123,0.745,0.6,98.2403789475094,0.969
451,0.6499999999999999,94.12590831219487,0.857,0.6,75.53052870577348,0.745,0.7,114.61377543876095,0.969
452,0.015,0.20425046702966418,0.062,0.0,0.0,0.054,0.03,0.4612107320024676,0.07
453,0.045,0.6127514010889926,0.062,0.03,0.3557911361161893,0.054,0.06,0.9224214640049352,0.07
454,0.08,1.0893358241582092,0.062,0.06,0.7115822722323786,0.054,0.1,1.537369106674892,0.07
455,0.125,1.7020872252472017,0.062,0.1,1.185970453720631,0.054,0.15,2.306053660012338,0.07
456,0.175,2.3829221153460822,0.062,0.15,1.7789556805809463,0.054,0.2,3.074738213349784,0.07
457,0.225,3.063757005444963,0.062,0.2,2.371940907441262,0.054,0.25,3.84342276668723,0.07
458,0.275,3.7445918955438433,0.062,0.25,2.964926134301577,0.054,0.3,4.612107320024676,0.07
459,0.35,4.7658442306921645,0.062,0.3,3.5579113611618927,0.054,0.4,6.149476426699568,0.07
460,0.45,6.127514010889926,0.062,0.4,4.743881814882524,0.054,0.5,7.68684553337446,0.07
461,0.55,7.489183791087687,0.062,0.5,5.929852268603154,0.054,0.6,9.224214640049352,0.07
462,0.6499999999999999,8.850853571285448,0.062,0.6,7.115822722323785,0.054,0.7,10.761583746724243,0.07
463,0.015,0.26519617090141884,0.0805,0.0,0.0,0.07,0.03,0.5995739516032078,0.091
464,0.045,0.7955885127042566,0.0805,0.03,0.4612107320024676,0.07,0.06,1.1991479032064156,0.091
465,0.08,1.4143795781409008,0.0805,0.06,0.9224214640049352,0.07,0.1,1.9985798386773592,0.091
466,0.125,2.209968090845157,0.0805,0.1,1.537369106674892,0.07,0.15,2.997869758016039,0.091
467,0.175,3.09395532718322,0.0805,0.15,2.306053660012338,0.07,0.2,3.9971596773547184,0.091
468,0.225,3.9779425635212826,0.0805,0.2,3.074738213349784,0.07,0.25,4.996449596693399,0.091
469,0.275,4.861929799859346,0.0805,0.25,3.84342276668723,0.07,0.3,5.995739516032078,0.091
470,0.35,6.18791065436644,0.0805,0.3,4.612107320024676,0.07,0.4,7.994319354709437,0.091
471,0.45,7.955885127042565,0.0805,0.4,6.149476426699568,0.07,0.5,9.992899193386798,0.091
472,0.55,9.723859599718692,0.0805,0.5,7.68684553337446,0.07,0.6,11.991479032064156,0.091
473,0.6499999999999999,11.491834072394816,0.0805,0.6,9.224214640049352,0.07,0.7,13.990058870741517,0.091
474,0.015,0.3459080490018506,0.105,0.0,0.0,0.091,0.03,0.7840582444041948,0.119
475,0.045,1.037724147005552,0.105,0.03,0.5995739516032078,0.091,0.06,1.5681164888083896,0.119
476,0.08,1.8448429280098704,0.105,0.06,1.1991479032064156,0.091,0.1,2.6135274813473157,0.119
477,0.125,2.882567075015422,0.105,0.1,1.9985798386773592,0.091,0.15,3.920291222020974,0.119
478,0.175,4.0355939050215905,0.105,0.15,2.997869758016039,0.091,0.2,5.227054962694631,0.119
479,0.225,5.188620735027761,0.105,0.2,3.9971596773547184,0.091,0.25,6.533818703368291,0.119
480,0.275,6.341647565033929,0.105,0.25,4.996449596693399,0.091,0.3,7.840582444041948,0.119
481,0.35,8.071187810043181,0.105,0.3,5.995739516032078,0.091,0.4,10.454109925389263,0.119
482,0.45,10.377241470055521,0.105,0.4,7.994319354709437,0.091,0.5,13.067637406736582,0.119
483,0.55,12.683295130067858,0.105,0.5,9.992899193386798,0.091,0.6,15.681164888083895,0.119
484,0.6499999999999999,14.989348790080193,0.105,0.6,11.991479032064156,0.091,0.7,18.294692369431214,0.119
485,0.015,0.4496804637024059,0.1365,0.0,0.0,0.119,0.03,1.0146636104054285,0.154
486,0.045,1.3490413911072177,0.1365,0.03,0.7840582444041948,0.119,0.06,2.029327220810857,0.154
487,0.08,2.3982958064128317,0.1365,0.06,1.5681164888083896,0.119,0.1,3.382212034684762,0.154
488,0.125,3.7473371975200496,0.1365,0.1,2.6135274813473157,0.119,0.15,5.073318052027143,0.154
489,0.175,5.2462720765280695,0.1365,0.15,3.920291222020974,0.119,0.2,6.764424069369524,0.154
490,0.225,6.745206955536089,0.1365,0.2,5.227054962694631,0.119,0.25,8.455530086711905,0.154
491,0.275,8.244141834544108,0.1365,0.25,6.533818703368291,0.119,0.3,10.146636104054286,0.154
492,0.35,10.492544153056139,0.1365,0.3,7.840582444041948,0.119,0.4,13.528848138739049,0.154
493,0.45,13.490413911072178,0.1365,0.4,10.454109925389263,0.119,0.5,16.91106017342381,0.154
494,0.55,16.488283669088215,0.1365,0.5,13.067637406736582,0.119,0.6,20.293272208108572,0.154
495,0.6499999999999999,19.486153427104252,0.1365,0.6,15.681164888083895,0.119,0.7,23.675484242793335,0.154
496,0.015,0.5847493209316998,0.1775,0.0,0.0,0.154,0.03,1.324333673321371,0.201
497,0.045,1.7542479627951,0.1775,0.03,1.0146636104054285,0.154,0.06,2.648667346642742,0.201
498,0.08,3.118663044969067,0.1775,0.06,2.029327220810857,0.154,0.1,4.414445577737904,0.201
499,0.125,4.8729110077641655,0.1775,0.1,3.382212034684762,0.154,0.15,6.6216683666068565,0.201
500,0.175,6.822075410869832,0.1775,0.15,5.073318052027143,0.154,0.2,8.828891155475809,0.201
501,0.225,8.7712398139755,0.1775,0.2,6.764424069369524,0.154,0.25,11.03611394434476,0.201
502,0.275,10.720404217081166,0.1775,0.25,8.455530086711905,0.154,0.3,13.243336733213713,0.201
503,0.35,13.644150821739665,0.1775,0.3,10.146636104054286,0.154,0.4,17.657782310951617,0.201
504,0.45,17.542479627951,0.1775,0.4,13.528848138739049,0.154,0.5,22.07222788868952,0.201
505,0.55,21.44080843416233,0.1775,0.5,16.91106017342381,0.154,0.6,26.486673466427426,0.201
506,0.6499999999999999,25.33913724037366,0.1775,0.6,20.293272208108572,0.154,0.7,30.901119044165327,0.201
507,0.015,0.7609977078040715,0.231,0.0,0.0,0.201,0.03,1.7196571578949147,0.261
508,0.045,2.2829931234122145,0.231,0.03,1.324333673321371,0.201,0.06,3.4393143157898294,0.261
509,0.08,4.058654441621715,0.231,0.06,2.648667346642742,0.201,0.1,5.732190526316383,0.261
510,0.125,6.341647565033929,0.231,0.1,4.414445577737904,0.201,0.15,8.598285789474573,0.261
511,0.175,8.878306591047501,0.231,0.15,6.6216683666068565,0.201,0.2,11.464381052632765,0.261
512,0.225,11.414965617061073,0.231,0.2,8.828891155475809,0.201,0.25,14.330476315790957,0.261
513,0.275,13.951624643074645,0.231,0.25,11.03611394434476,0.201,0.3,17.196571578949147,0.261
514,0.35,17.756613182095002,0.231,0.3,13.243336733213713,0.201,0.4,22.92876210526553,0.261
515,0.45,22.829931234122146,0.231,0.4,17.657782310951617,0.201,0.5,28.660952631581914,0.261
516,0.55,27.90324928614929,0.231,0.5,22.07222788868952,0.201,0.6,34.393143157898294,0.261
517,0.6499999999999999,32.97656733817643,0.231,0.6,26.486673466427426,0.201,0.7,40.12533368421468,0.261
518,0.015,0.9883087114338591,0.30000000000000004,0.0,0.0,0.261,0.03,2.233577687840522,0.339
519,0.045,2.9649261343015776,0.30000000000000004,0.03,1.7196571578949147,0.261,0.06,4.467155375681044,0.339
520,0.08,5.2709797943139165,0.30000000000000004,0.06,3.4393143157898294,0.261,0.1,7.445258959468405,0.339
521,0.125,8.235905928615495,0.30000000000000004,0.1,5.732190526316383,0.261,0.15,11.167888439202608,0.339
522,0.175,11.530268300061692,0.30000000000000004,0.15,8.598285789474573,0.261,0.2,14.89051791893681,0.339
523,0.225,14.824630671507888,0.30000000000000004,0.2,11.464381052632765,0.261,0.25,18.613147398671014,0.339
524,0.275,18.118993042954084,0.30000000000000004,0.25,14.330476315790957,0.261,0.3,22.335776878405216,0.339
525,0.35,23.060536600123385,0.30000000000000004,0.3,17.196571578949147,0.261,0.4,29.78103583787362,0.339
526,0.45,29.649261343015777,0.30000000000000004,0.4,22.92876210526553,0.261,0.5,37.22629479734203,0.339
527,0.55,36.23798608590817,0.30000000000000004,0.5,28.660952631581914,0.261,0.6,44.67155375681043,0.339
528,0.6499999999999999,42.826710828800564,0.30000000000000004,0.6,34.393143157898294,0.261,0.7,52.11681271627884,0.339
529,0.015,1.2848013248640167,0.39,0.0,0.0,0.339,0.03,2.9056276116155453,0.441
530,0.045,3.8544039745920506,0.39,0.03,2.233577687840522,0.339,0.06,5.811255223231091,0.441
531,0.08,6.85227373260809,0.39,0.06,4.467155375681044,0.339,0.1,9.685425372051819,0.441
532,0.125,10.706677707200141,0.39,0.1,7.445258959468405,0.339,0.15,14.528138058077728,0.441
533,0.175,14.989348790080195,0.39,0.15,11.167888439202608,0.339,0.2,19.370850744103638,0.441
534,0.225,19.272019872960254,0.39,0.2,14.89051791893681,0.339,0.25,24.213563430129547,0.441
535,0.275,23.554690955840307,0.39,0.25,18.613147398671014,0.339,0.3,29.056276116155455,0.441
536,0.35,29.97869758016039,0.39,0.3,22.335776878405216,0.339,0.4,38.741701488207276,0.441
537,0.45,38.54403974592051,0.39,0.4,29.78103583787362,0.339,0.5,48.427126860259094,0.441
538,0.55,47.109381911680615,0.39,0.5,37.22629479734203,0.339,0.6,58.11255223231091,0.441
539,0.6499999999999999,55.67472407744072,0.39,0.6,44.67155375681043,0.339,0.7,67.79797760436274,0.441
540,0.015,1.6702417223232218,0.507,0.0,0.0,0.441,0.03,3.775339277677341,0.573
541,0.045,5.0107251669696655,0.507,0.03,2.9056276116155453,0.441,0.06,7.550678555354682,0.573
542,0.08,8.907955852390517,0.507,0.06,5.811255223231091,0.441,0.1,12.58446425892447,0.573
543,0.125,13.91868101936018,0.507,0.1,9.685425372051819,0.441,0.15,18.876696388386705,0.573
544,0.175,19.486153427104256,0.507,0.15,14.528138058077728,0.441,0.2,25.16892851784894,0.573
545,0.225,25.053625834848326,0.507,0.2,19.370850744103638,0.441,0.25,31.46116064731118,0.573
546,0.275,30.6210982425924,0.507,0.25,24.213563430129547,0.441,0.3,37.75339277677341,0.573
547,0.35,38.97230685420851,0.507,0.3,29.056276116155455,0.441,0.4,50.33785703569788,0.573
548,0.45,50.10725166969665,0.507,0.4,38.741701488207276,0.441,0.5,62.92232129462236,0.573
549,0.55,61.2421964851848,0.507,0.5,48.427126860259094,0.441,0.6,75.50678555354682,0.573
550,0.6499999999999999,72.37714130067293,0.507,0.6,58.11255223231091,0.441,0.7,88.09124981247129,0.573
551,0.015,2.1709848027830434,0.659,0.0,0.0,0.573,0.03,4.908599933454833,0.745
552,0.045,6.512954408349132,0.659,0.03,3.775339277677341,0.573,0.06,9.817199866909666,0.745
553,0.08,11.578585614842902,0.659,0.06,7.550678555354682,0.573,0.1,16.361999778182778,0.745
554,0.125,18.09154002319203,0.659,0.1,12.58446425892447,0.573,0.15,24.542999667274167,0.745
555,0.175,25.328156032468844,0.659,0.15,18.876696388386705,0.573,0.2,32.723999556365555,0.745
556,0.225,32.564772041745655,0.659,0.2,25.16892851784894,0.573,0.25,40.904999445456944,0.745
557,0.275,39.80138805102247,0.659,0.25,31.46116064731118,0.573,0.3,49.08599933454833,0.745
558,0.35,50.65631206493769,0.659,0.3,37.75339277677341,0.573,0.4,65.44799911273111,0.745
559,0.45,65.12954408349131,0.659,0.4,50.33785703569788,0.573,0.5,81.80999889091389,0.745
560,0.55,79.60277610204494,0.659,0.5,62.92232129462236,0.573,0.6,98.17199866909667,0.745
561,0.6499999999999999,94.07600812059856,0.659,0.6,75.50678555354682,0.573,0.7,114.53399844727944,0.745
562,0.015,2.8232685523293903,0.857,0.0,0.0,0.745,0.03,6.384474275862729,0.969
563,0.045,8.469805656988173,0.857,0.03,4.908599933454833,0.745,0.06,12.768948551725458,0.969
564,0.08,15.057432279090085,0.857,0.06,9.817199866909666,0.745,0.1,21.28158091954243,0.969
565,0.125,23.527237936078254,0.857,0.1,16.361999778182778,0.745,0.15,31.92237137931365,0.969
566,0.175,32.938133110509554,0.857,0.15,24.542999667274167,0.745,0.2,42.56316183908486,0.969
567,0.225,42.349028284940864,0.857,0.2,32.723999556365555,0.745,0.25,53.20395229885607,0.969
568,0.275,51.75992345937216,0.857,0.25,40.904999445456944,0.745,0.3,63.8447427586273,0.969
569,0.35,65.87626622101911,0.857,0.3,49.08599933454833,0.745,0.4,85.12632367816973,0.969
570,0.45,84.69805656988173,0.857,0.4,65.44799911273111,0.745,0.5,106.40790459771215,0.969
571,0.55,103.51984691874432,0.857,0.5,81.80999889091389,0.745,0.6,127.6894855172546,0.969
572,0.6499999999999999,122.34163726760691,0.857,0.6,98.17199866909667,0.745,0.7,148.97106643679703,0.969
573,0.015,0.2055682119782427,0.048,0.0,0.0,0.042,0.03,0.4625284769510461,0.054
574,0.045,0.616704635934728,0.048,0.03,0.35974437096192474,0.042,0.06,0.9250569539020922,0.054
575,0.08,1.0963637972172946,0.048,0.06,0.7194887419238495,0.042,0.1,1.5417615898368204,0.054
576,0.125,1.7130684331520225,0.048,0.1,1.1991479032064158,0.042,0.15,2.31264238475523,0.054
577,0.175,2.3982958064128317,0.048,0.15,1.7987218548096238,0.042,0.2,3.083523179673641,0.054
578,0.225,3.083523179673641,0.048,0.2,2.3982958064128317,0.042,0.25,3.8544039745920506,0.054
579,0.275,3.7687505529344496,0.048,0.25,2.9978697580160394,0.042,0.3,4.62528476951046,0.054
580,0.35,4.796591612825663,0.048,0.3,3.5974437096192475,0.042,0.4,6.167046359347282,0.054
581,0.45,6.167046359347282,0.048,0.4,4.796591612825663,0.042,0.5,7.708807949184101,0.054
582,0.55,7.537501105868899,0.048,0.5,5.995739516032079,0.042,0.6,9.25056953902092,0.054
583,0.6499999999999999,8.907955852390517,0.048,0.6,7.194887419238495,0.042,0.7,10.792331128857741,0.054
584,0.015,0.2655256071385635,0.062,0.0,0.0,0.054,0.03,0.5995739516032079,0.07
585,0.045,0.7965768214156904,0.062,0.03,0.4625284769510461,0.054,0.06,1.1991479032064158,0.07
586,0.08,1.4161365714056722,0.062,0.06,0.9250569539020922,0.054,0.1,1.9985798386773599,0.07
587,0.125,2.2127133928213625,0.062,0.1,1.5417615898368204,0.054,0.15,2.99786975801604,0.07
588,0.175,3.0977987499499076,0.062,0.15,2.31264238475523,0.054,0.2,3.9971596773547198,0.07
589,0.225,3.9828841070784526,0.062,0.2,3.083523179673641,0.054,0.25,4.9964495966934,0.07
590,0.275,4.867969464206997,0.062,0.25,3.8544039745920506,0.054,0.3,5.99573951603208,0.07
591,0.35,6.195597499899815,0.062,0.3,4.62528476951046,0.054,0.4,7.9943193547094396,0.07
592,0.45,7.965768214156905,0.062,0.4,6.167046359347282,0.054,0.5,9.9928991933868,0.07
593,0.55,9.735938928413994,0.062,0.5,7.708807949184101,0.054,0.6,11.99147903206416,0.07
594,0.6499999999999999,11.506109642671083,0.062,0.6,9.25056953902092,0.054,0.7,13.990058870741517,0.07
595,0.015,0.3447550221718445,0.0805,0.0,0.0,0.07,0.03,0.7794461370841702,0.091
596,0.045,1.0342650665155335,0.0805,0.03,0.5995739516032079,0.07,0.06,1.5588922741683404,0.091
597,0.08,1.8386934515831712,0.0805,0.06,1.1991479032064158,0.07,0.1,2.598153790280567,0.091
598,0.125,2.8729585180987045,0.0805,0.1,1.9985798386773599,0.07,0.15,3.897230685420851,0.091
599,0.175,4.022141925338186,0.0805,0.15,2.99786975801604,0.07,0.2,5.196307580561134,0.091
600,0.225,5.171325332577668,0.0805,0.2,3.9971596773547198,0.07,0.25,6.495384475701419,0.091
601,0.275,6.32050873981715,0.0805,0.25,4.9964495966934,0.07,0.3,7.794461370841702,0.091
602,0.35,8.044283850676372,0.0805,0.3,5.99573951603208,0.07,0.4,10.392615161122269,0.091
603,0.45,10.342650665155336,0.0805,0.4,7.9943193547094396,0.07,0.5,12.990768951402838,0.091
604,0.55,12.6410174796343,0.0805,0.5,9.9928991933868,0.07,0.6,15.588922741683405,0.091
605,0.6499999999999999,14.93938429411326,0.0805,0.6,11.99147903206416,0.07,0.7,18.187076531963974,0.091
606,0.015,0.4496804637024059,0.105,0.0,0.0,0.091,0.03,1.0192757177254534,0.119
607,0.045,1.3490413911072177,0.105,0.03,0.7794461370841702,0.091,0.06,2.038551435450907,0.119
608,0.08,2.3982958064128317,0.105,0.06,1.5588922741683404,0.091,0.1,3.397585725751511,0.119
609,0.125,3.747337197520049,0.105,0.1,2.598153790280567,0.091,0.15,5.096378588627267,0.119
610,0.175,5.246272076528069,0.105,0.15,3.897230685420851,0.091,0.2,6.795171451503022,0.119
611,0.225,6.745206955536089,0.105,0.2,5.196307580561134,0.091,0.25,8.493964314378779,0.119
612,0.275,8.244141834544108,0.105,0.25,6.495384475701419,0.091,0.3,10.192757177254533,0.119
613,0.35,10.492544153056137,0.105,0.3,7.794461370841702,0.091,0.4,13.590342903006045,0.119
614,0.45,13.490413911072178,0.105,0.4,10.392615161122269,0.091,0.5,16.987928628757558,0.119
615,0.55,16.488283669088215,0.105,0.5,12.990768951402838,0.091,0.6,20.385514354509066,0.119
616,0.6499999999999999,19.486153427104252,0.105,0.6,15.588922741683405,0.091,0.7,23.783100080260578,0.119
617,0.015,0.5845846028131277,0.1365,0.0,0.0,0.119,0.03,1.319062693527057,0.154
618,0.045,1.753753808439383,0.1365,0.03,1.0192757177254534,0.119,0.06,2.638125387054114,0.154
619,0.08,3.1177845483366817,0.1365,0.06,2.038551435450907,0.119,0.1,4.396875645090192,0.154
620,0.125,4.871538356776065,0.1365,0.1,3.397585725751511,0.119,0.15,6.595313467635287,0.154
621,0.175,6.82015369948649,0.1365,0.15,5.096378588627267,0.119,0.2,8.793751290180383,0.154
622,0.225,8.768769042196917,0.1365,0.2,6.795171451503022,0.119,0.25,10.992189112725477,0.154
623,0.275,10.71738438490734,0.1365,0.25,8.493964314378779,0.119,0.3,13.190626935270574,0.154
624,0.35,13.64030739897298,0.1365,0.3,10.192757177254533,0.119,0.4,17.587502580360766,0.154
625,0.45,17.537538084393834,0.1365,0.4,13.590342903006045,0.119,0.5,21.984378225450953,0.154
626,0.55,21.43476876981468,0.1365,0.5,16.987928628757558,0.119,0.6,26.381253870541148,0.154
627,0.6499999999999999,25.33199945523553,0.1365,0.6,20.385514354509066,0.119,0.7,30.77812951563134,0.154
628,0.015,0.7601741172112099,0.1775,0.0,0.0,0.154,0.03,1.7216337753177826,0.201
629,0.045,2.28052235163363,0.1775,0.03,1.319062693527057,0.154,0.06,3.443267550635565,0.201
630,0.08,4.054261958459787,0.1775,0.06,2.638125387054114,0.154,0.1,5.738779251059276,0.201
631,0.125,6.334784310093416,0.1775,0.1,4.396875645090192,0.154,0.15,8.608168876588914,0.201
632,0.175,8.868698034130784,0.1775,0.15,6.595313467635287,0.154,0.2,11.477558502118551,0.201
633,0.225,11.40261175816815,0.1775,0.2,8.793751290180383,0.154,0.25,14.346948127648188,0.201
634,0.275,13.936525482205516,0.1775,0.25,10.992189112725477,0.154,0.3,17.21633775317783,0.201
635,0.35,17.737396068261567,0.1775,0.3,13.190626935270574,0.154,0.4,22.955117004237103,0.201
636,0.45,22.8052235163363,0.1775,0.4,17.587502580360766,0.154,0.5,28.693896255296377,0.201
637,0.55,27.873050964411032,0.1775,0.5,21.984378225450953,0.154,0.6,34.43267550635566,0.201
638,0.6499999999999999,32.94087841248576,0.1775,0.6,26.381253870541148,0.154,0.7,40.17145475741493,0.201
639,0.015,0.989297020145293,0.231,0.0,0.0,0.201,0.03,2.2355543052633893,0.261
640,0.045,2.9678910604358792,0.231,0.03,1.7216337753177826,0.201,0.06,4.4711086105267785,0.261
641,0.08,5.27625077410823,0.231,0.06,3.443267550635565,0.201,0.1,7.451847684211298,0.261
642,0.125,8.244141834544108,0.231,0.1,5.738779251059276,0.201,0.15,11.177771526316947,0.261
643,0.175,11.541798568361752,0.231,0.15,8.608168876588914,0.201,0.2,14.903695368422596,0.261
644,0.225,14.839455302179395,0.231,0.2,11.477558502118551,0.201,0.25,18.629619210528244,0.261
645,0.275,18.137112035997042,0.231,0.25,14.346948127648188,0.201,0.3,22.355543052633895,0.261
646,0.35,23.083597136723505,0.231,0.3,17.21633775317783,0.201,0.4,29.807390736845193,0.261
647,0.45,29.67891060435879,0.231,0.4,22.955117004237103,0.201,0.5,37.25923842105649,0.261
648,0.55,36.274224071994084,0.231,0.5,28.693896255296377,0.201,0.6,44.71108610526779,0.261
649,0.6499999999999999,42.869537539629356,0.231,0.6,34.43267550635566,0.201,0.7,52.16293378947909,0.261
650,0.015,1.2848013248640169,0.30000000000000004,0.0,0.0,0.261,0.03,2.9036509941926782,0.339
651,0.045,3.854403974592051,0.30000000000000004,0.03,2.2355543052633893,0.261,0.06,5.8073019883853565,0.339
652,0.08,6.852273732608092,0.30000000000000004,0.06,4.4711086105267785,0.261,0.1,9.678836647308927,0.339
653,0.125,10.706677707200143,0.30000000000000004,0.1,7.451847684211298,0.261,0.15,14.518254970963392,0.339
654,0.175,14.9893487900802,0.30000000000000004,0.15,11.177771526316947,0.261,0.2,19.357673294617854,0.339
655,0.225,19.272019872960257,0.30000000000000004,0.2,14.903695368422596,0.261,0.25,24.197091618272317,0.339
656,0.275,23.55469095584031,0.30000000000000004,0.25,18.629619210528244,0.261,0.3,29.036509941926784,0.339
657,0.35,29.9786975801604,0.30000000000000004,0.3,22.355543052633895,0.261,0.4,38.71534658923571,0.339
658,0.45,38.544039745920514,0.30000000000000004,0.4,29.807390736845193,0.261,0.5,48.394183236544634,0.339
659,0.55,47.10938191168062,0.30000000000000004,0.5,37.25923842105649,0.261,0.6,58.07301988385357,0.339
660,0.6499999999999999,55.674724077440736,0.30000000000000004,0.6,44.71108610526779,0.261,0.7,67.75185653116249,0.339
661,0.015,1.6702417223232218,0.39,0.0,0.0,0.339,0.03,3.7773158951002093,0.441
662,0.045,5.010725166969666,0.39,0.03,2.9036509941926782,0.339,0.06,7.5546317902004185,0.441
663,0.08,8.907955852390518,0.39,0.06,5.8073019883853565,0.339,0.1,12.591052983667366,0.441
664,0.125,13.918681019360184,0.39,0.1,9.678836647308927,0.339,0.15,18.886579475501048,0.441
665,0.175,19.486153427104256,0.39,0.15,14.518254970963392,0.339,0.2,25.18210596733473,0.441
666,0.225,25.05362583484833,0.39,0.2,19.357673294617854,0.339,0.25,31.477632459168415,0.441
667,0.275,30.621098242592403,0.39,0.25,24.197091618272317,0.339,0.3,37.773158951002095,0.441
668,0.35,38.97230685420851,0.39,0.3,29.036509941926784,0.339,0.4,50.36421193466946,0.441
669,0.45,50.10725166969666,0.39,0.4,38.71534658923571,0.339,0.5,62.95526491833683,0.441
670,0.55,61.242196485184806,0.39,0.5,48.394183236544634,0.339,0.6,75.54631790200419,0.441
671,0.6499999999999999,72.37714130067295,0.39,0.6,58.07301988385357,0.339,0.7,88.13737088567157,0.441
672,0.015,2.1713142390201883,0.507,0.0,0.0,0.441,0.03,4.907941060980543,0.573
673,0.045,6.513942717060566,0.507,0.03,3.7773158951002093,0.441,0.06,9.815882121961087,0.573
674,0.08,11.580342608107673,0.507,0.06,7.5546317902004185,0.441,0.1,16.359803536601813,0.573
675,0.125,18.094285325168237,0.507,0.1,12.591052983667366,0.441,0.15,24.53970530490272,0.573
676,0.175,25.331999455235533,0.507,0.15,18.886579475501048,0.441,0.2,32.719607073203626,0.573
677,0.225,32.56971358530283,0.507,0.2,25.18210596733473,0.441,0.25,40.899508841504534,0.573
678,0.275,39.80742771537012,0.507,0.25,31.477632459168415,0.441,0.3,49.07941060980544,0.573
679,0.35,50.663998910471065,0.507,0.3,37.773158951002095,0.441,0.4,65.43921414640725,0.573
680,0.45,65.13942717060566,0.507,0.4,50.36421193466946,0.441,0.5,81.79901768300907,0.573
681,0.55,79.61485543074023,0.507,0.5,62.95526491833683,0.441,0.6,98.15882121961089,0.573
682,0.6499999999999999,94.09028369087483,0.507,0.6,75.54631790200419,0.441,0.7,114.51862475621269,0.573
683,0.015,2.822280243617957,0.659,0.0,0.0,0.573,0.03,6.381179913491283,0.745
684,0.045,8.466840730853871,0.659,0.03,4.907941060980543,0.573,0.06,12.762359826982566,0.745
685,0.08,15.052161299295774,0.659,0.06,9.815882121961087,0.573,0.1,21.27059971163761,0.745
686,0.125,23.519002030149643,0.659,0.1,16.359803536601813,0.573,0.15,31.90589956745642,0.745
687,0.175,32.9266028422095,0.659,0.15,24.53970530490272,0.573,0.2,42.54119942327522,0.745
688,0.225,42.33420365426935,0.659,0.2,32.719607073203626,0.573,0.25,53.17649927909404,0.745
689,0.275,51.741804466329214,0.659,0.25,40.899508841504534,0.573,0.3,63.81179913491284,0.745
690,0.35,65.853205684419,0.659,0.3,49.07941060980544,0.573,0.4,85.08239884655045,0.745
691,0.45,84.6684073085387,0.659,0.4,65.43921414640725,0.573,0.5,106.35299855818808,0.745
692,0.55,103.48360893265843,0.659,0.5,81.79901768300907,0.573,0.6,127.62359826982568,0.745
693,0.6499999999999999,122.29881055677812,0.659,0.6,98.15882121961089,0.573,0.7,148.8941979814633,0.745
694,0.015,3.6702491180282077,0.857,0.0,0.0,0.745,0.03,8.299816558621549,0.969
695,0.045,11.010747354084625,0.857,0.03,6.381179913491283,0.745,0.06,16.599633117243098,0.969
696,0.08,19.57466196281711,0.857,0.06,12.762359826982566,0.745,0.1,27.66605519540516,0.969
697,0.125,30.585409316901735,0.857,0.1,21.27059971163761,0.745,0.15,41.499082793107746,0.969
698,0.175,42.81957304366242,0.857,0.15,31.90589956745642,0.745,0.2,55.33211039081032,0.969
699,0.225,55.05373677042312,0.857,0.2,42.54119942327522,0.745,0.25,69.16513798851291,0.969
700,0.275,67.28790049718381,0.857,0.25,53.17649927909404,0.745,0.3,82.99816558621549,0.969
701,0.35,85.63914608732485,0.857,0.3,63.81179913491284,0.745,0.4,110.66422078162064,0.969
702,0.45,110.10747354084624,0.857,0.4,85.08239884655045,0.745,0.5,138.33027597702582,0.969
703,0.55,134.57580099436763,0.857,0.5,106.35299855818808,0.745,0.6,165.99633117243098,0.969
704,0.6499999999999999,159.044128447889,0.857,0.6,127.62359826982568,0.745,0.7,193.66238636783615,0.969
